neighbourhood,avgprice
28704,164.98319327731093
28715,123.67441860465117
28732,157.2
28801,191.2655935613682
28803,148.95098039215685
28804,153.08646616541353
28805,131.61904761904762
28806,116.49047619047619
